0,Mannen
1,Vrouwen
2,Volwassenen
0,Mannen
0,Mannen
2,Volwassenen
1,Vrouwen
2,Volwassenen
1,Vrouwen
9,Kantoor
1,Vrouwen
2,Volwassenen
9,Kantoor
9,Kantoor
2,Volwassenen
2,Volwassenen
2,Volwassenen
2,Volwassenen
2,Volwassenen
2,Volwassenen
2,Volwassenen
2,Volwassenen
2,Volwassenen
2,Volwassenen
2,Volwassenen
2,Volwassenen
2,Volwassenen
2,Volwassenen
1,Vrouwen
2,Volwassenen
2,Volwassenen
2,Volwassenen
2,Volwassenen
1,Vrouwen
1,Vrouwen
1,Vrouwen
1,Vrouwen
0,Mannen
2,Volwassenen
1,Vrouwen
0,Mannen
0,Mannen
2,Volwassenen
1,Vrouwen
2,Volwassenen
2,Volwassenen
2,Volwassenen
9,Kantoor
1,Vrouwen
2,Volwassenen
1,Vrouwen
1,Vrouwen
1,Vrouwen
1,Vrouwen
1,Vrouwen
1,Vrouwen
1,Vrouwen
1,Vrouwen
1,Vrouwen
0,Mannen
1,Vrouwen
1,Vrouwen
1,Vrouwen
1,Vrouwen
1,Vrouwen
1,Vrouwen
1,Vrouwen
1,Vrouwen
0,Mannen
1,Vrouwen
0,Mannen
1,Vrouwen
1,Vrouwen
2,Volwassenen
1,Vrouwen
1,Vrouwen
0,Mannen
1,Vrouwen
1,Vrouwen
1,Vrouwen
2,Volwassenen
2,Volwassenen
2,Volwassenen
2,Volwassenen
2,Volwassenen
2,Volwassenen
2,Volwassenen
2,Volwassenen
2,Volwassenen
2,Volwassenen
90,Kinderen
2,Volwassenen
2,Volwassenen
2,Volwassenen
1,Vrouwen
1,Vrouwen
1,Vrouwen
2,Volwassenen
9,Kantoor
2,Volwassenen
2,Volwassenen
2,Volwassenen
2,Volwassenen
9,Kantoor
2,Volwassenen
9,Kantoor
1,Vrouwen
2,Volwassenen
1,Vrouwen
2,Volwassenen
90,Kinderen
90,Kinderen
2,Volwassenen
1,Vrouwen
2,Volwassenen
1,Vrouwen
2,Volwassenen
1,Vrouwen
1,Vrouwen
1,Vrouwen
0,Mannen
2,Volwassenen
2,Volwassenen
1,Vrouwen
1,Vrouwen
2,Volwassenen
1,Vrouwen
2,Volwassenen
1,Vrouwen
2,Volwassenen
1,Vrouwen
0,Mannen
0,Mannen
2,Volwassenen
0,Mannen
1,Vrouwen
1,Vrouwen
1,Vrouwen
1,Vrouwen
1,Vrouwen
1,Vrouwen
1,Vrouwen
1,Vrouwen
2,Volwassenen
0,Mannen
1,Vrouwen
0,Mannen
1,Vrouwen
1,Vrouwen
2,Volwassenen
1,Vrouwen
1,Vrouwen
1,Vrouwen
2,Volwassenen
1,Vrouwen
2,Volwassenen
2,Volwassenen
2,Volwassenen
2,Volwassenen
1,Vrouwen
1,Vrouwen
0,Mannen
1,Vrouwen
1,Vrouwen
1,Vrouwen
0,Mannen
1,Vrouwen
1,Vrouwen
1,Vrouwen
0,Mannen
1,Vrouwen
2,Volwassenen
90,Kinderen
1,Vrouwen
1,Vrouwen
1,Vrouwen
2,Volwassenen
1,Vrouwen
1,Vrouwen
0,Mannen
0,Mannen
0,Mannen
0,Mannen
0,Mannen
1,Vrouwen
2,Volwassenen
2,Volwassenen
2,Volwassenen
2,Volwassenen
9,Kantoor
2,Volwassenen
0,Mannen
0,Mannen
2,Volwassenen
1,Vrouwen
2,Volwassenen
2,Volwassenen
1,Vrouwen
1,Vrouwen
2,Volwassenen
1,Vrouwen
1,Vrouwen
0,Mannen
1,Vrouwen
1,Vrouwen
1,Vrouwen
1,Vrouwen
2,Volwassenen
2,Volwassenen
1,Vrouwen
0,Mannen
90,Kinderen
1,Vrouwen
2,Volwassenen
9,Kantoor
0,Mannen
0,Mannen
0,Mannen
1,Vrouwen
2,Volwassenen
2,Volwassenen
0,Mannen
1,Vrouwen
1,Vrouwen
1,Vrouwen
1,Vrouwen
2,Volwassenen
0,Mannen
2,Volwassenen
1,Vrouwen
1,Vrouwen
0,Mannen
2,Volwassenen
1,Vrouwen
234,Baby's
9,Kantoor
2,Volwassenen
9,Kantoor
0,Mannen
2,Volwassenen
0,Mannen
2,Volwassenen
1,Vrouwen
0,Mannen
2,Volwassenen
2,Volwassenen
1,Vrouwen
1,Vrouwen
1,Vrouwen
1,Vrouwen
1,Vrouwen
1,Vrouwen
1,Vrouwen
1,Vrouwen
1,Vrouwen
2,Volwassenen
90,Kinderen
2,Volwassenen
1,Vrouwen
1,Vrouwen
1,Vrouwen
0,Mannen
2,Volwassenen
2,Volwassenen
1,Vrouwen
2,Volwassenen
1,Vrouwen
1,Vrouwen
1,Vrouwen
1,Vrouwen
1,Vrouwen
0,Mannen
1,Vrouwen
1,Vrouwen
1,Vrouwen
1,Vrouwen
2,Volwassenen
90,Kinderen
0,Mannen
0,Mannen
1,Vrouwen
2,Volwassenen
90,Kinderen
2,Volwassenen
0,Mannen
1,Vrouwen
2,Volwassenen
1,Vrouwen
1,Vrouwen
1,Vrouwen
1,Vrouwen
1,Vrouwen
0,Mannen
2,Volwassenen
9,Kantoor
234,Baby's
2,Volwassenen
297,Meisje
1,Vrouwen
1,Vrouwen
90,Kinderen
1,Vrouwen
2,Volwassenen
0,Mannen
1,Vrouwen
2,Volwassenen
1,Vrouwen
2,Volwassenen
2,Volwassenen
0,Mannen
0,Mannen
0,Mannen
9,Kantoor
1,Vrouwen
2,Volwassenen
1,Vrouwen
2,Volwassenen
2,Volwassenen
2,Volwassenen
1,Vrouwen
1,Vrouwen
1,Vrouwen
2,Volwassenen
9,Kantoor
2,Volwassenen
2,Volwassenen
0,Mannen
1,Vrouwen
1,Vrouwen
1,Vrouwen
1,Vrouwen
0,Mannen
0,Mannen
2,Volwassenen
1,Vrouwen
2,Volwassenen
9,Kantoor
90,Kinderen
2,Volwassenen
1,Vrouwen
1,Vrouwen
1,Vrouwen
1,Vrouwen
1,Vrouwen
2,Volwassenen
234,Baby's
2,Volwassenen
2,Volwassenen
1,Vrouwen
2,Volwassenen
2,Volwassenen
9,Kantoor
9,Kantoor
1,Vrouwen
2,Volwassenen
1,Vrouwen
234,Baby's
2,Volwassenen
1,Vrouwen
1,Vrouwen
2,Volwassenen
0,Mannen
9,Kantoor
1,Vrouwen
1,Vrouwen
2,Volwassenen
2,Volwassenen
0,Mannen
0,Mannen
0,Mannen
1,Vrouwen
1,Vrouwen
1,Vrouwen
9,Kantoor
2,Volwassenen
9,Kantoor
0,Mannen
0,Mannen
1,Vrouwen
2,Volwassenen
2,Volwassenen
2,Volwassenen
2,Volwassenen
1,Vrouwen
1,Vrouwen
1,Vrouwen
2,Volwassenen
1,Vrouwen
2,Volwassenen
1,Vrouwen
1,Vrouwen
1,Vrouwen
90,Kinderen
1,Vrouwen
0,Mannen
1,Vrouwen
1,Vrouwen
1,Vrouwen
1,Vrouwen
1,Vrouwen
2,Volwassenen
2,Volwassenen
90,Kinderen
2,Volwassenen
1,Vrouwen
1,Vrouwen
1,Vrouwen
2,Volwassenen
2,Volwassenen
0,Mannen
2,Volwassenen
1,Vrouwen
1,Vrouwen
2,Volwassenen
1,Vrouwen
1,Vrouwen
1,Vrouwen
0,Mannen
2,Volwassenen
0,Mannen
2,Volwassenen
1,Vrouwen
1,Vrouwen
1,Vrouwen
1,Vrouwen
1,Vrouwen
1,Vrouwen
1,Vrouwen
1,Vrouwen
1,Vrouwen
234,Baby's
2,Volwassenen
2,Volwassenen
2,Volwassenen
0,Mannen
9,Kantoor
9,Kantoor
2,Volwassenen
2,Volwassenen
2,Volwassenen
1,Vrouwen
2,Volwassenen
2,Volwassenen
2,Volwassenen
1,Vrouwen
1,Vrouwen
2,Volwassenen
1,Vrouwen
1,Vrouwen
1,Vrouwen
1,Vrouwen
1,Vrouwen
1,Vrouwen
2,Volwassenen
1,Vrouwen
1,Vrouwen
0,Mannen
0,Mannen
0,Mannen
1,Vrouwen
1,Vrouwen
1,Vrouwen
1,Vrouwen
2,Volwassenen
1,Vrouwen
0,Mannen
0,Mannen
0,Mannen
2,Volwassenen
2,Volwassenen
2,Volwassenen
2,Volwassenen
1,Vrouwen
1,Vrouwen
2,Volwassenen
1,Vrouwen
2,Volwassenen
2,Volwassenen
1,Vrouwen
1,Vrouwen
0,Mannen
2,Volwassenen
1,Vrouwen
90,Kinderen
1,Vrouwen
234,Baby's
1,Vrouwen
9,Kantoor
2,Volwassenen
2,Volwassenen
1,Vrouwen
90,Kinderen
1,Vrouwen
1,Vrouwen
9,Kantoor
90,Kinderen
90,Kinderen
1,Vrouwen
1,Vrouwen
1,Vrouwen
1,Vrouwen
1,Vrouwen
1,Vrouwen
0,Mannen
2,Volwassenen
2,Volwassenen
1,Vrouwen
1,Vrouwen
1,Vrouwen
0,Mannen
1,Vrouwen
0,Mannen
9,Kantoor
90,Kinderen
2,Volwassenen
2,Volwassenen
0,Mannen
90,Kinderen
1,Vrouwen
519,
519,
519,
519,
0,Mannen
519,
519,
519,
0,Mannen
519,
519,
0,Mannen
519,
0,Mannen
519,
519,
519,
519,
0,Mannen
234,Baby's
90,Kinderen
234,Baby's
0,Mannen
90,Kinderen
1,Vrouwen
90,Kinderen
519,
90,Kinderen
90,Kinderen
90,Kinderen
90,Kinderen
519,
519,
90,Kinderen
519,
90,Kinderen
234,Baby's
234,Baby's
234,Baby's
90,Kinderen
90,Kinderen
90,Kinderen
234,Baby's
519,
234,Baby's
234,Baby's
234,Baby's
90,Kinderen
234,Baby's
90,Kinderen
90,Kinderen
90,Kinderen
234,Baby's
234,Baby's
234,Baby's
234,Baby's
234,Baby's
234,Baby's
234,Baby's
234,Baby's
234,Baby's
234,Baby's
234,Baby's
234,Baby's
234,Baby's
519,
234,Baby's
234,Baby's
234,Baby's
90,Kinderen
1,Vrouwen
519,
519,
519,
519,
2,Volwassenen
519,
519,
519,
1,Vrouwen
519,
2,Volwassenen
90,Kinderen
2,Volwassenen
519,
519,
2,Volwassenen
1,Vrouwen
1,Vrouwen
1,Vrouwen
2,Volwassenen
519,
90,Kinderen
519,
1,Vrouwen
1,Vrouwen
519,
519,
519,
1,Vrouwen
519,
2,Volwassenen
519,
519,
2,Volwassenen
2,Volwassenen
2,Volwassenen
519,
519,
519,
519,
1,Vrouwen
519,
2,Volwassenen
1,Vrouwen
519,
519,
519,
519,
519,
519,
519,
1,Vrouwen
519,
519,
519,
519,
0,Mannen
0,Mannen
2,Volwassenen
0,Mannen
1,Vrouwen
0,Mannen
519,
0,Mannen
0,Mannen
0,Mannen
0,Mannen
0,Mannen
1,Vrouwen
519,
1,Vrouwen
0,Mannen
1,Vrouwen
1,Vrouwen
1,Vrouwen
0,Mannen
1,Vrouwen
1,Vrouwen
1,Vrouwen
519,
1,Vrouwen
519,
519,
1,Vrouwen
1,Vrouwen
1,Vrouwen
1,Vrouwen
519,
1,Vrouwen
90,Kinderen
519,
519,
519,
519,
519,
0,Mannen
1,Vrouwen
0,Mannen
1,Vrouwen
1,Vrouwen
1,Vrouwen
1,Vrouwen
519,
1,Vrouwen
0,Mannen
0,Mannen
0,Mannen
0,Mannen
0,Mannen
1,Vrouwen
519,
519,
90,Kinderen
519,
1,Vrouwen
1,Vrouwen
519,
1,Vrouwen
90,Kinderen
519,
519,
519,
2,Volwassenen
519,
2,Volwassenen
519,
2,Volwassenen
2,Volwassenen
519,
519,
519,
519,
2,Volwassenen
2,Volwassenen
2,Volwassenen
2,Volwassenen
2,Volwassenen
2,Volwassenen
519,
2,Volwassenen
2,Volwassenen
2,Volwassenen
2,Volwassenen
2,Volwassenen
519,
2,Volwassenen
2,Volwassenen
2,Volwassenen
2,Volwassenen
2,Volwassenen
2,Volwassenen
2,Volwassenen
2,Volwassenen
2,Volwassenen
2,Volwassenen
2,Volwassenen
2,Volwassenen
2,Volwassenen
2,Volwassenen
0,Mannen
519,
1,Vrouwen
0,Mannen
519,
519,
519,
2,Volwassenen
0,Mannen
0,Mannen
1,Vrouwen
0,Mannen
0,Mannen
0,Mannen
0,Mannen
2,Volwassenen
90,Kinderen
90,Kinderen
90,Kinderen
519,
519,
519,
1,Vrouwen
519,
0,Mannen
0,Mannen
0,Mannen
0,Mannen
0,Mannen
0,Mannen
519,
0,Mannen
519,
0,Mannen
519,
519,
519,
519,
90,Kinderen
1,Vrouwen
0,Mannen
0,Mannen
1,Vrouwen
519,
519,
519,
519,
2,Volwassenen
519,
519,
519,
519,
519,
90,Kinderen
90,Kinderen
90,Kinderen
90,Kinderen
90,Kinderen
90,Kinderen
519,
90,Kinderen
519,
519,
90,Kinderen
519,
519,
519,
519,
2,Volwassenen
2,Volwassenen
1,Vrouwen
519,
519,
519,
519,
1,Vrouwen
1,Vrouwen
519,
519,
519,
1,Vrouwen
1,Vrouwen
1,Vrouwen
519,
1,Vrouwen
1,Vrouwen
1,Vrouwen
519,
1,Vrouwen
1,Vrouwen
519,
519,
1,Vrouwen
519,
519,
1,Vrouwen
1,Vrouwen
519,
1,Vrouwen
519,
1,Vrouwen
1,Vrouwen
1,Vrouwen
1,Vrouwen
0,Mannen
1,Vrouwen
1,Vrouwen
0,Mannen
1,Vrouwen
1,Vrouwen
0,Mannen
1,Vrouwen
1,Vrouwen
0,Mannen
0,Mannen
1,Vrouwen
0,Mannen
0,Mannen
1,Vrouwen
0,Mannen
519,
1,Vrouwen
1,Vrouwen
1,Vrouwen
1,Vrouwen
1,Vrouwen
1,Vrouwen
0,Mannen
0,Mannen
0,Mannen
0,Mannen
1,Vrouwen
1,Vrouwen
1,Vrouwen
1,Vrouwen
1,Vrouwen
519,
519,
1,Vrouwen
1,Vrouwen
1,Vrouwen
1,Vrouwen
0,Mannen
0,Mannen
0,Mannen
0,Mannen
1,Vrouwen
1,Vrouwen
0,Mannen
0,Mannen
1,Vrouwen
1,Vrouwen
0,Mannen
1,Vrouwen
0,Mannen
0,Mannen
0,Mannen
0,Mannen
0,Mannen
0,Mannen
0,Mannen
0,Mannen
519,
1,Vrouwen
1,Vrouwen
1,Vrouwen
0,Mannen
2,Volwassenen
2,Volwassenen
1,Vrouwen
2,Volwassenen
2,Volwassenen
2,Volwassenen
2,Volwassenen
2,Volwassenen
2,Volwassenen
2,Volwassenen
2,Volwassenen
0,Mannen
0,Mannen
0,Mannen
1,Vrouwen
1,Vrouwen
0,Mannen
1,Vrouwen
0,Mannen
2,Volwassenen
0,Mannen
0,Mannen
1,Vrouwen
0,Mannen
0,Mannen
0,Mannen
0,Mannen
0,Mannen
0,Mannen
0,Mannen
0,Mannen
1,Vrouwen
1,Vrouwen
1,Vrouwen
1,Vrouwen
2,Volwassenen
2,Volwassenen
1,Vrouwen
1,Vrouwen
1,Vrouwen
1,Vrouwen
2,Volwassenen
0,Mannen
1,Vrouwen
1,Vrouwen
1,Vrouwen
1,Vrouwen
2,Volwassenen
2,Volwassenen
2,Volwassenen
2,Volwassenen
2,Volwassenen
0,Mannen
2,Volwassenen
2,Volwassenen
1,Vrouwen
0,Mannen
1,Vrouwen
1,Vrouwen
1,Vrouwen
1,Vrouwen
1,Vrouwen
1,Vrouwen
0,Mannen
0,Mannen
0,Mannen
0,Mannen
0,Mannen
0,Mannen
297,Meisje
1,Vrouwen
1,Vrouwen
1,Vrouwen
1,Vrouwen
0,Mannen
1,Vrouwen
1,Vrouwen
0,Mannen
0,Mannen
0,Mannen
1,Vrouwen
0,Mannen
1,Vrouwen
0,Mannen
